mode,total_time,avg_time_per_policy,success_rate,success_count,error_count
sequential,58.074899196624756,11.61497983932495,100.0,5,0
concurrent,27.58797311782837,5.517594623565674,20.0,1,4
