mode,total_time,avg_time_per_policy,success_rate,success_count,error_count
sequential,105.4921567440033,11.7213507493337,100.0,9,0
concurrent,25.083790063858032,2.7870877848731146,11.11111111111111,1,8
